"P","N","W","C","wC","Betweeness","Pagerank","Eigen","C_pval","C_sig","wC_pval","wC_sig","W_pval","W_sig","Bet_pval","Bet_sig","PR_pval","PR_sig","Eig_pval","Eig_sig"
"Tres-pratic",10,4.59090909090909,0.488888888888889,1.12222222222222,481.620480942163,0.00121986190238323,0.222507338611763,0.002,"**",0,"***",0.0262361251261352,"*",0.984," ",0.16," ",0.068,"+."
"Spatman",74,2.77220956719818,0.162532395409108,0.225286930766383,559.659730234777,0.00081186697906648,0.0835772452788166,0.109," ",0,"***",0,"***",0.562," ",0.038,"-*",0,"-***"
"Solaire-pb",23,5.34210526315789,0.300395256916996,0.802371541501976,424.796586217162,0.00070310253062389,0.0466326881780309,0.004,"**",0,"***",0,"***",0.446," ",0.048,"-*",0.002,"-**"
"Rodexpo",25,4.73595505617978,0.593333333333333,1.405,727.427556052403,0.000851893332239274,0.00789152276868468,0,"***",0,"***",0,"***",0.126," ",0.48," ",0,"-***"
"Pppirec",25,2.70909090909091,0.55,0.745,750.379746746415,0.0011883828606733,0.181050315973627,0,"***",0,"***",0.028,"*",0.096,"+.",0.096,"+.",0.144," "
"Motiver",68,2.85656292286874,0.324407374890255,0.463345039508341,624.157015249858,0.00124595895057943,0.242459073023152,0,"***",0,"***",0,"***",0.166," ",0,"+***",0,"+***"
"Landworm",86,2.54485596707819,0.332421340629275,0.422982216142271,515.178729083516,0.00103208719679459,0.140660766460968,0,"***",0,"***",0,"***",0.952," ",0.276," ",0.66," "
"Landbio",30,3.39520958083832,0.383908045977012,0.651724137931034,744.258926343545,0.00139554645307217,0.244798770299631,0,"***",0,"***",0.003,"**",0.066,"+.",0,"+***",0,"+***"
"Interface",18,6.22916666666667,0.627450980392157,1.95424836601307,260.112224870482,0.000906978903522354,0.0768068823426881,0,"***",0,"***",0.001,"***",0.024,"-*",0.758," ",0.114," "
"Indicators",34,2.70760233918129,0.304812834224599,0.412655971479501,538.075471069297,0.000981508236949001,0.134193045940318,0,"***",0,"***",0.006,"**",0.798," ",0.764," ",0.922," "
"Impacts",82,2.23877745940783,0.315266485998193,0.352905751279735,706.544757473464,0.00117224402496717,0.165043168604896,0,"***",0,"***",0.003,"**",0.012,"+*",0,"+***",0.064,"+."
"Funindic",39,3.29411764705882,0.367071524966262,0.604588394062078,572.859076681275,0.00109891295497716,0.165736350180665,0,"***",0,"***",0,"***",0.522," ",0.176," ",0.202," "
"Funbiodiv",78,3.30557737627651,0.423909423909424,0.700632700632701,624.586893235579,0.00135104956920926,0.284577923530016,0,"***",0,"***",0,"***",0.178," ",0,"+***",0,"+***"
"Fragshifts",23,4.85350318471338,0.620553359683794,1.50592885375494,411.538701346932,0.00104021488741449,0.117435406231168,0,"***",0,"***",0.001,"***",0.418," ",0.526," ",0.604," "
"Fellow",72,3.034516765286,0.396713615023474,0.601917057902973,521.29868492934,0.00120652561199709,0.228159519714451,0,"***",0,"***",0,"***",0.976," ",0.002,"+**",0,"+***"
"Elan",18,8.47826086956522,0.150326797385621,0.637254901960784,291.864708031849,0.000607915523808178,0.0224976638226371,0.319," ",0,"***",0,"***",0.084,"-.",0.006,"-**",0,"-***"
"Ebenn",11,3.64705882352941,0.309090909090909,0.563636363636364,215.223596486834,0.000479189056948262,0.0176139386801814,0.023,"*",0.003,"**",0.0353892821031345,"*",0.056,"-.",0.008,"-**",0,"-***"
"Dragon",52,2.37402597402597,0.290346907993967,0.344645550527903,526.969227034185,0.000940435328552401,0.115345761239994,0,"***",0,"***",0.007,"**",0.87," ",0.856," ",0.39," "
"Discar",75,2.4211356466877,0.228468468468468,0.276576576576577,496.832115595138,0.000739196826375118,0.0726595783595137,0,"***",0,"***",0.002,"**",0.764," ",0.004,"-**",0,"-***"
"Desybel",20,4.2289156626506,0.436842105263158,0.923684210526316,371.168205427543,0.000691739873717554,0.0503129261058571,0,"***",0,"***",0,"***",0.272," ",0.05,"-*",0,"-***"
"Comepi",25,2.55670103092783,0.323333333333333,0.413333333333333,582.118561019415,0.00100864453341439,0.153829114661768,0,"***",0,"***",0.032,"*",0.552," ",0.644," ",0.474," "
"Carapat",16,2.71428571428571,0.35,0.475,355.152207351019,0.000732719211279869,0.11583050579495,0.004,"**",0.001,"***",0.062,".",0.266," ",0.144," ",0.696," "
"Beyonds",84,2.51637279596977,0.227768215720023,0.28657487091222,497.072292326858,0.000789466688213688,0.0981728079005878,0,"***",0,"***",0,"***",0.752," ",0.01,"-**",0.014,"-*"
"Acoucene",67,3.81655844155844,0.278606965174129,0.531659882406151,578.392998966801,0.00101704933345627,0.122470754494852,0,"***",0,"***",0,"***",0.412," ",0.424," ",0.588," "
